{
  "train_loss": [
    6.444863796234131,
    6.461679935455322,
    6.3330583572387695,
    6.2319135665893555,
    6.160120964050293,
    6.096533298492432,
    6.046126365661621,
    6.024832725524902,
    6.003451347351074,
    5.994665622711182
  ],
  "train_perplexity": [
    629.4609375,
    640.1355590820312,
    562.8754272460938,
    508.72802734375,
    473.4853515625,
    444.3147888183594,
    422.4733581542969,
    413.57244873046875,
    404.8235778808594,
    401.282470703125
  ],
  "val_loss": [
    6.44854736328125,
    6.309736251831055,
    6.203181266784668,
    6.1228742599487305,
    6.063080310821533,
    6.018369197845459,
    5.98538064956665,
    5.961977005004883,
    5.947089195251465,
    5.939863204956055
  ],
  "val_perplexity": [
    631.7838745117188,
    549.89990234375,
    494.319091796875,
    456.1739807128906,
    429.6969909667969,
    410.9079284667969,
    397.5738220214844,
    388.377197265625,
    382.637939453125,
    379.8829650878906
  ]
}