{
  "train_loss": [
    4.9105987548828125,
    4.9077372550964355,
    4.277223110198975,
    3.8417091369628906,
    3.581756114959717,
    3.531280994415283,
    3.3190364837646484,
    3.3315043449401855,
    3.2811710834503174,
    3.0909605026245117
  ],
  "train_perplexity": [
    135.7206573486328,
    135.3328399658203,
    72.04011535644531,
    46.60506057739258,
    35.93659591674805,
    34.16770935058594,
    27.633712768554688,
    27.98040199279785,
    26.60691261291504,
    21.998197555541992
  ],
  "val_loss": [
    4.852191925048828,
    4.48445987701416,
    4.229730129241943,
    4.053852558135986,
    3.9355993270874023,
    3.863492250442505,
    3.816710948944092,
    3.7861855030059814,
    3.767840623855591,
    3.7596287727355957
  ],
  "val_perplexity": [
    128.02069091796875,
    88.62906646728516,
    68.69869232177734,
    57.61901092529297,
    51.19282150268555,
    47.63140106201172,
    45.45446014404297,
    44.08790588378906,
    43.28649139404297,
    42.9324836730957
  ]
}